{"stats":{"minecraft:used":{"alexsmobs:animal_dictionary":1,"simpletomb:grave_key":1},"minecraft:custom":{"minecraft:jump":128,"minecraft:time_since_rest":3076,"minecraft:leave_game":1,"minecraft:damage_dealt":20,"minecraft:crouch_one_cm":1384,"minecraft:deaths":1,"minecraft:sprint_one_cm":47827,"minecraft:play_time":8190,"minecraft:damage_taken":530,"minecraft:time_since_death":3051,"minecraft:walk_one_cm":21497,"minecraft:sneak_time":289,"minecraft:total_world_time":8190,"minecraft:fall_one_cm":4974,"minecraft:fly_one_cm":34885}},"DataVersion":3465}