{"stats":{"minecraft:mined":{"minecraft:dark_oak_planks":1,"valhelsia_structures:light_gray_sleeping_bag":1,"minecraft:white_bed":4,"minecraft:obsidian":3,"ecologics:surface_moss":1,"biomesoplenty:burning_blossom":1,"biomesoplenty:dead_leaves":3,"minecraft:granite":4,"minecraft:light_gray_bed":1,"minecraft:oak_wall_sign":1,"minecraft:nether_wart":2,"travelersbackpack:wolf":5,"minecraft:spawner":19,"minecraft:polished_blackstone_bricks":1,"minecraft:tall_seagrass":2,"minecraft:magma_block":4,"regions_unexplored:stone_bud":4,"minecraft:cobbled_deepslate":36,"minecraft:fire":72,"regions_unexplored:maple_stairs":6,"minecraft:deepslate_lapis_ore":12,"minecraft:sculk_shrieker":1,"minecraft:cave_vines":7,"travelersbackpack:black_sleeping_bag":1,"regions_unexplored:silt_grass_block":1,"minecraft:orange_bed":6,"valhelsia_structures:big_purple_glazed_jar":1,"minecraft:torch":37,"minecraft:blast_furnace":2,"minecraft:melon":1,"minecraft:glass":2,"minecraft:cyan_bed":7,"minecraft:amethyst_block":4,"minecraft:cyan_wool":3,"ecologics:seashell":1,"biomesoplenty:large_rose_quartz_bud":4,"minecraft:black_bed":2,"minecraft:wither_rose":2,"minecraft:stone_brick_stairs":1,"travelersbackpack:sandstone":4,"minecraft:grass":122,"minecraft:deepslate":14516,"minecraft:dark_prismarine":6,"epicsamurai:deepslate_onyx_ore":2,"minecraft:spruce_fence":1,"regions_unexplored:maple_leaves":1,"farmersdelight:wild_cabbages":1,"minecraft:moss_block":12,"minecraft:kelp":1,"travelersbackpack:bat":2,"regions_unexplored:argillite":2,"minecraft:redstone_ore":8,"minecraft:vine":4,"minecraft:rail":49,"biomesoplenty:rose_quartz_cluster":4,"minecraft:bone_block":23,"minecraft:white_wool":39,"minecraft:smithing_table":1,"jeg:scrap_ore":28,"minecraft:emerald_ore":2,"regions_unexplored:silt_dirt":1,"minecraft:tall_grass":25,"minecraft:copper_ore":72,"minecraft:deepslate_gold_ore":47,"jeg:deepslate_scrap_ore":104,"jeg:scrap_workbench":1,"minecraft:coarse_dirt":63,"minecraft:gravel":249,"minecraft:cobweb":78,"minecraft:acacia_planks":2,"enhancedfarming:lemon_leaves":1,"minecraft:stone_bricks":29,"minecraft:chipped_anvil":1,"regions_unexplored:tassel":1,"minecraft:infested_stone":19,"minecraft:spruce_planks":30,"minecraft:farmland":1,"enhancedfarming:orange_leaves":5,"regions_unexplored:red_maple_shrub":1,"minecraft:cave_vines_plant":5,"minecraft:grass_block":219,"biomesoplenty:rose_quartz_block":18,"minecraft:cracked_polished_blackstone_bricks":1,"valhelsia_structures:gray_sleeping_bag":1,"regions_unexplored:white_trillium":27,"minecraft:raw_iron_block":4,"minecraft:iron_ore":47,"regions_unexplored:mossy_stone":23,"realmrpg_skeletons:rookie_skeleton":1,"epicsamurai:deepslate_silver_ore":13,"biomesoplenty:medium_rose_quartz_bud":1,"minecraft:deepslate_redstone_ore":92,"minecraft:blackstone":13,"minecraft:clay":1,"minecraft:chest":7,"minecraft:nether_quartz_ore":29,"minecraft:cobblestone":580,"minecraft:grindstone":1,"minecraft:oak_planks":2,"minecraft:wall_torch":42,"minecraft:deepslate_copper_ore":4,"epicsamurai:aquamarine_ore":2,"minecraft:tnt":2,"enhancedfarming:cherry_leaves":9,"minecraft:sand":2,"minecraft:dirt":261,"biomesoplenty:umbran_leaves":19,"minecraft:ancient_debris":8,"minecraft:netherrack":7301,"minecraft:oak_leaves":7,"minecraft:nether_gold_ore":21,"minecraft:diamond_ore":27,"minecraft:tuff":1734,"minecraft:deepslate_diamond_ore":91,"minecraft:candle":3,"enhancedfarming:pear_leaves":3,"epicsamurai:deepslate_ruby_ore":8,"minecraft:white_stained_glass":2,"rare-ice:rare_ice":1,"minecraft:hay_block":11,"treechop:chopped_log":3,"minecraft:gold_block":12,"valhelsia_furniture:spruce_desk_drawer":3,"minecraft:bookshelf":2,"minecraft:deepslate_iron_ore":286,"regions_unexplored:medium_grass":14,"minecraft:stone":7676,"herbology:salt_block":46,"regions_unexplored:silver_birch_leaf_pile":1,"minecraft:polished_granite":2,"epicsamurai:deepslate_aquamarine_ore":1,"minecraft:crafting_table":2,"minecraft:rose_bush":1,"minecraft:sculk_sensor":3,"minecraft:deepslate_coal_ore":2,"minecraft:lapis_ore":3,"minecraft:sculk":1,"minecraft:blue_bed":1,"minecraft:spruce_stairs":3,"minecraft:ice":10,"valhelsia_furniture:spruce_stool":2,"minecraft:black_wool":24,"minecraft:coal_ore":220,"minecraft:cyan_carpet":8,"minecraft:cracked_stone_bricks":10,"minecraft:mossy_stone_bricks":14},"minecraft:killed":{"mokels_adventure:tainted_flame":3,"minecraft:cave_spider":1,"mythicmounts:dragon":1,"minecraft:skeleton":56,"minecraft:chicken":3,"spawn:ant":1,"minecraft:magma_cube":18,"minecraft:parrot":1,"minecraft:salmon":1,"minecraft:pillager":22,"minecraft:zombie":133,"minecraft:cow":112,"mythicmounts:acencia":1,"mokels_adventure:vyde":1,"alexsmobs:raccoon":2,"minecraft:vindicator":2,"creeperoverhaul:snowy_creeper":1,"naturalist:deer":1,"epicsamurai:oni":1,"naturalist:bear":2,"endermanoverhaul:snowy_enderman":1,"epicsamurai:akaname":4,"alexsmobs:catfish":1,"minecraft:enderman":3,"minecraft:zombified_piglin":20,"minecraft:spider":23,"kobolds:kobold_rascal":2,"naturalist:snail":3,"minecraft:bee":1,"minecraft:silverfish":12,"minecraft:illusioner":1,"minecraft:piglin_brute":2,"epicsamurai:enenra":2,"minecraft:wolf":1,"minecraft:piglin":3,"alexsmobs:grizzly_bear":1,"minecraft:zombie_villager":1,"minecraft:creeper":11,"minecraft:sheep":2,"minecraft:trader_llama":2,"alexsmobs:terrapin":1,"alexsmobs:dropbear":3,"mokels_adventure:mana_sentinel":2,"alexsmobs:tasmanian_devil":1,"mokels_adventure:rabid_fox":2,"minecraft:phantom":7,"endermanoverhaul:soulsand_valley_enderman":2,"realmrpg_wyrms:red_wyrm":1,"alexsmobs:skunk":1,"naturalist:butterfly":3,"creeperoverhaul:spruce_creeper":2,"minecraft:bat":1,"minecraft:hoglin":6,"endermanoverhaul:spirit":6,"alexsmobs:crow":10,"minecraft:wither_skeleton":16,"minecraft:villager":2},"minecraft:broken":{"minecraft:diamond_helmet":1,"minecraft:iron_sword":1,"vanillaplustools:stone_hammer":4,"vanillaplustools:diamond_hammer":1,"simplyswords:gold_chakram":2,"wom:iron_staff":1},"minecraft:picked_up":{"minecraft:iron_chestplate":8,"minecraft:anvil":1,"epicsamurai:steel_ingot":7,"minecraft:smithing_table":1,"minecraft:lead":1,"regions_unexplored:silt_dirt":18,"minecraft:oak_stairs":6,"minecraft:wither_rose":2,"wom:stone_staff":1,"minecraft:golden_sword":2,"minecraft:amethyst_block":4,"minecraft:string":117,"minecraft:diamond_leggings":1,"minecraft:cobbled_deepslate":8677,"minecraft:gold_nugget":189,"minecraft:spruce_planks":31,"minecraft:netherite_upgrade_smithing_template":4,"minecraft:melon_slice":8,"valhelsia_structures:light_gray_sleeping_bag":1,"minecraft:golden_helmet":1,"minecraft:jukebox":1,"minecraft:big_dripleaf":7,"regions_unexplored:yellow_bioshroom_block":1,"enhancedfarming:cherry":20,"valhelsia_furniture:spruce_desk_drawer":3,"enhancedfarming:cherry_leaves":5,"hpm:smallhull":1,"minecraft:orange_bed":7,"wom:tormented_mind":1,"minecraft:light_gray_bed":1,"mokels_adventure:bloody_tear":4,"biomesoplenty:rose_quartz_chunk":11,"farmersdelight:rope":11,"minecraft:end_rod":1,"minecraft:snowball":6,"minecraft:magma_block":10,"minecraft:feather":26,"minecraft:cooked_beef":21,"vanillaplustools:diamond_hammer":2,"minecraft:flint":70,"jeg:scrap":253,"minecraft:lantern":1,"minecraft:chipped_anvil":1,"regions_unexplored:red_maple_shrub":1,"regions_unexplored:maple_stairs":198,"simplefarming:tomato_seeds":1,"minecraft:diamond_helmet":1,"minecraft:moss_block":14,"naturalist:snail_shell":1,"epicsamurai:raw_silver":17,"patchouli:guide_book":2,"minecraft:stripped_acacia_wood":3,"biomesoplenty:hellbark_log":1,"naturalist:antler":1,"valhelsia_furniture:spruce_stool":2,"enhancedfarming:avocado":5,"minecraft:granite":1,"regions_unexplored:cobalt_log":9,"simplefarming:cassava_seeds":1,"minecraft:crafting_table":2,"minecraft:coarse_dirt":65,"minecraft:nether_wart":20,"minecraft:clay_ball":20,"simplefarming:fruit_salad":15,"travelersbackpack:sandstone":5,"minecraft:jungle_trapdoor":3,"minecraft:red_bed":1,"epicsamurai:jade":8,"minecraft:iron_shovel":2,"minecraft:cracked_stone_bricks":17,"regions_unexplored:maple_leaf_pile":5,"minecraft:beef":203,"minecraft:cyan_wool":3,"minecraft:chest":8,"minecraft:sandstone":2,"herbology:salt":55,"minecraft:spruce_fence":15,"simplefarming:onion_seeds":1,"minecraft:carrot":35,"minecraft:redstone":280,"minecraft:tnt":2,"epicsamurai:quartz_ingot":16,"simplefarming:strawberries":1,"minecraft:hay_block":11,"minecraft:gold_ingot":14,"minecraft:glow_berries":8,"minecraft:mutton":9,"minecraft:rail":47,"minecraft:white_wool":41,"minecraft:bone_block":22,"minecraft:acacia_wood":25,"minecraft:oak_log":180,"minecraft:ancient_debris":8,"minecraft:golden_boots":1,"minecraft:blue_bed":1,"minecraft:white_banner":3,"minecraft:apple":160,"minecraft:stone_bricks":135,"minecraft:kelp":1,"minecraft:stone_pickaxe":4,"jeg:double_barrel_shotgun":4,"epicsamurai:aquamarine":3,"minecraft:iron_sword":1,"simplyswords:iron_spear":1,"minecraft:dark_oak_stairs":1,"enhancedfarming:mango_sapling":3,"minecraft:gravel":132,"minecraft:spruce_sapling":2,"minecraft:spruce_log":8,"jeg:handmade_shell":105,"travelersbackpack:wolf":6,"simplefarming:sweet_potato_seeds":1,"minecraft:diamond_axe":1,"minecraft:birch_sign":1,"minecraft:baked_potato":1,"simplefarming:cotton_seeds":1,"minecraft:ender_pearl":2,"enhancedfarming:orange_sapling":5,"biomesoplenty:burning_blossom":1,"minecraft:wheat":1,"travelersbackpack:bat":3,"simplefarming:turnip_seeds":1,"minecraft:stone_brick_stairs":1,"enhancedfarming:orange":22,"minecraft:raw_copper":251,"travelersbackpack:diamond":1,"minecraft:armor_stand":1,"minecraft:netherite_ingot":6,"jeg:revolver":1,"minecraft:oak_sign":1,"alexsmobs:dropbear_claw":5,"minecraft:red_dye":6,"minecraft:rose_bush":2,"minecraft:calcite":21,"farmersdelight:cabbage_seeds":1,"minecraft:iron_boots":1,"minecraft:stick":19,"biomesoplenty:rose_quartz_block":17,"valhelsia_structures:gray_sleeping_bag":1,"jeg:pistol_ammo":200,"minecraft:torch":107,"minecraft:spruce_stairs":4,"travelersbackpack:diamond_tier_upgrade":2,"epicfight:skillbook":13,"minecraft:porkchop":29,"mokels_adventure:tainted_rune":2,"minecraft:diorite":1,"epicsamurai:shuriken":30,"regions_unexplored:argillite":1,"enhancedfarming:pear":1,"simplyswords:diamond_warglaive":1,"minecraft:rotten_flesh":148,"minecraft:obsidian":3,"minecraft:cobblestone":7759,"minecraft:leather_chestplate":1,"minecraft:black_bed":1,"minecraft:golden_leggings":1,"minecraft:potato":6,"paraglider:spirit_orb":32,"minecraft:tuff":991,"minecraft:wither_skeleton_skull":1,"skilltree:gem":46,"minecraft:lapis_lazuli":162,"minecraft:dirt":1136,"minecraft:polished_granite":2,"minecraft:bone":91,"minecraft:acacia_planks":6,"minecraft:bow":1,"minecraft:wheat_seeds":44,"minecraft:raw_gold":79,"minecraft:grindstone":1,"minecraft:mossy_stone_bricks":38,"wom:diamond_legbottomseal":1,"minecraft:cooked_porkchop":4,"minecraft:sand":25,"endermanoverhaul:soul_pearl":1,"minecraft:grass_block":1,"minecraft:cyan_bed":8,"minecraft:mossy_cobblestone":42,"minecraft:dark_prismarine":5,"simplyswords:diamond_claymore":1,"minecraft:soul_lantern":6,"minecraft:diamond":141,"jeg:custom_smg":1,"minecraft:crossbow":5,"minecraft:golden_apple":1,"minecraft:emerald":4,"minecraft:oak_sapling":3,"minecraft:chorus_fruit":3,"minecraft:netherrack":1803,"simplefarming:pea_seeds":2,"minecraft:chicken":1,"naturalist:venison":1,"minecraft:gold_block":12,"regions_unexplored:white_trillium":23,"jeg:scrap_workbench":1,"regions_unexplored:red_maple_leaf_pile":10,"minecraft:iron_axe":1,"regions_unexplored:cobalt_sapling":3,"minecraft:blackstone":18,"minecraft:cyan_carpet":15,"minecraft:candle":8,"epicsamurai:akaname_tongue":2,"minecraft:player_head":2,"minecraft:lectern":1,"simplefarming:barley_seeds":1,"minecraft:phantom_membrane":1,"minecraft:raw_iron":329,"simplefarming:cantaloupe_seeds":1,"minecraft:copper_ingot":115,"minecraft:bowl":8,"minecraft:dark_oak_planks":7,"minecraft:arrow":71,"regions_unexplored:maple_sapling":7,"biomesoplenty:umbran_sapling":2,"minecraft:jungle_stairs":1,"enhancedfarming:cherry_sapling":8,"enhancedfarming:mango":107,"minecraft:leather":196,"minecraft:mushroom_stew":2,"minecraft:gunpowder":30,"endermanoverhaul:icy_pearl":2,"regions_unexplored:tall_cobalt_earlight":1,"minecraft:iron_ingot":13,"minecraft:cooked_chicken":1,"jeg:tech_trash":24,"regions_unexplored:orange_maple_leaf_pile":7,"minecraft:book":204,"wom:agony":3,"minecraft:quartz":57,"minecraft:raw_iron_block":4,"minecraft:blast_furnace":2,"minecraft:white_bed":4,"minecraft:spider_eye":10,"enhancedfarming:lemon":6,"alexsmobs:raw_catfish":2,"minecraft:chainmail_leggings":1,"minecraft:iron_helmet":1,"vanillaplustools:stone_hammer":1,"regions_unexplored:maple_log":7,"minecraft:black_wool":21,"mokels_adventure:tainted_core":1,"minecraft:coal":313},"minecraft:used":{"minecraft:moss_block":1,"minecraft:chest":21,"minecraft:rotten_flesh":2,"minecraft:grass_block":1,"minecraft:netherite_hoe":89,"enhancedfarming:lemon":5,"enhancedfarming:orange":37,"minecraft:furnace":15,"simplyswords:gold_chakram":64,"minecraft:cow_spawn_egg":45,"epicsamurai:quartz_samurai_chestplate":1,"minecraft:wooden_pickaxe":32,"minecraft:golden_apple":11,"minecraft:glow_berries":8,"simplyswords:diamond_warglaive":8,"minecraft:blast_furnace":4,"enhancedfarming:orange_sapling":1,"minecraft:diamond_sword":128,"spawn:tuna_sandwich":44,"minecraft:stripped_acacia_wood":2,"vanillaplustools:diamond_shovel":22,"minecraft:enchanting_table":1,"minecraft:armor_stand":1,"vanillaplustools:stone_hammer":473,"minecraft:cooked_salmon":2,"valhelsia_structures:light_gray_sleeping_bag":1,"travelersbackpack:bat":4,"minecraft:netherrack":219,"minecraft:orange_bed":6,"minecraft:torch":416,"minecraft:anvil":1,"minecraft:oak_fence_gate":2,"minecraft:beef":8,"minecraft:acacia_wood":11,"minecraft:acacia_planks":4,"minecraft:cobbled_deepslate":742,"minecraft:wheat_seeds":84,"minecraft:water_bucket":7,"minecraft:mossy_cobblestone":1,"minecraft:tnt":6,"minecraft:crafting_table":5,"minecraft:campfire":1,"minecraft:white_bed":4,"minecraft:spruce_log":1,"minecraft:diamond_pickaxe":413,"minecraft:diamond_shovel":508,"jeg:scrap_workbench":1,"epicsamurai:katana":16,"minecraft:cobblestone":1485,"minecraft:potion":1,"travelersbackpack:standard":1,"minecraft:cooked_porkchop":36,"minecraft:porkchop":7,"wom:satsujin":2,"minecraft:iron_shovel":153,"minecraft:diamond_hoe":1,"minecraft:iron_sword":63,"minecraft:iron_chestplate":2,"minecraft:carrot":44,"jeg:custom_smg":175,"minecraft:tuff":115,"minecraft:cyan_wool":3,"minecraft:obsidian":15,"vanillaplustools:iron_shovel":7,"wom:agony":1268,"enhancedfarming:cherry":11,"wom:iron_staff":1356,"minecraft:stone_bricks":70,"jeg:revolver":25,"epicfight:skillbook":14,"minecraft:end_rod":1,"minecraft:oak_planks":7,"minecraft:blue_bed":1,"immersive_aircraft:cargo_airship":1,"vanillaplustools:diamond_hammer":4018,"jeg:gunmetal_workbench":1,"minecraft:crossbow":1,"minecraft:black_bed":1,"minecraft:shears":66,"epicsamurai:shuriken":31,"waystones:waystone":1,"minecraft:cyan_bed":7,"minecraft:bread":69,"minecraft:gravel":91,"regions_unexplored:maple_stairs":105,"minecraft:grindstone":1,"minecraft:coarse_dirt":1,"minecraft:bone_meal":208,"minecraft:experience_bottle":253,"minecraft:cobweb":31,"minecraft:oak_fence":40,"minecraft:rose_bush":2,"farmersdelight:diamond_knife":477,"minecraft:flint_and_steel":11,"minecraft:spruce_planks":3,"immersive_aircraft:warship":1,"simpletomb:grave_key":82,"minecraft:dirt":594,"jeg:gunnite_workbench":2,"minecraft:bookshelf":15,"minecraft:oak_stairs":6,"simplefarming:fruit_salad":14,"enhancedfarming:pear":1,"jeg:double_barrel_shotgun":67,"minecraft:golden_carrot":6,"minecraft:cooked_beef":48,"minecraft:amethyst_block":4,"travelersbackpack:wolf":12,"minecraft:smoker":3,"minecraft:black_wool":21,"minecraft:apple":162,"wom:diamond_greataxe":24,"minecraft:stone_axe":5,"minecraft:white_banner":1,"minecraft:bucket":11,"enhancedfarming:mango":99,"alexsmobs:animal_dictionary":1},"minecraft:dropped":{"minecraft:iron_sword":2,"minecraft:porkchop":12,"minecraft:lapis_lazuli":41,"minecraft:cooked_beef":56,"wom:diamond_legbottomseal":1,"minecraft:chorus_fruit":3,"minecraft:glass_bottle":1,"minecraft:diamond":9,"minecraft:crossbow":4,"minecraft:glow_berries":2,"travelersbackpack:iron_tier_upgrade":1,"minecraft:cracked_stone_bricks":8,"minecraft:emerald":1,"minecraft:dirt":538,"minecraft:gold_nugget":11,"minecraft:dark_oak_planks":2,"minecraft:white_wool":2,"minecraft:cyan_carpet":15,"minecraft:bone":41,"minecraft:stone_axe":1,"wom:agony":2,"simplefarming:cantaloupe_seeds":1,"alexsmobs:animal_dictionary":1,"minecraft:cobbled_deepslate":6720,"enhancedfarming:cherry_sapling":10,"minecraft:wheat":80,"minecraft:rotten_flesh":35,"minecraft:oak_planks":1,"minecraft:jungle_trapdoor":3,"minecraft:white_bed":1,"enhancedfarming:mango_sapling":3,"regions_unexplored:white_trillium":22,"minecraft:jungle_stairs":1,"farmersdelight:rope":11,"minecraft:white_dye":1,"minecraft:beef":1,"minecraft:lectern":1,"minecraft:golden_boots":1,"minecraft:iron_ingot":11,"minecraft:wheat_seeds":46,"simpletomb:grave_key":2,"minecraft:feather":4,"minecraft:cobblestone":3728,"minecraft:granite":1,"enhancedfarming:lemon":1,"minecraft:coal":121,"minecraft:golden_apple":4,"alexsmobs:raw_catfish":2,"minecraft:mushroom_stew":2,"regions_unexplored:red_maple_sapling":2,"minecraft:rose_bush":1,"skilltree:gem":26,"minecraft:diamond_helmet":1,"minecraft:white_banner":2,"minecraft:chipped_anvil":1,"minecraft:string":17,"minecraft:acacia_planks":6,"vanillaplustools:diamond_hammer":3,"simplefarming:tomato_seeds":1,"minecraft:furnace":1,"minecraft:player_head":1,"minecraft:netherite_ingot":3,"minecraft:bowl":12,"minecraft:chicken":1,"minecraft:white_carpet":3,"beautify:spruce_trellis":1,"minecraft:spruce_fence":15,"wom:stone_staff":1,"minecraft:potato":2,"epicsamurai:quartz_ingot":1,"minecraft:spruce_planks":31,"minecraft:diamond_pickaxe":2,"minecraft:spider_eye":7,"minecraft:stone_bricks":51,"regions_unexplored:silt_dirt":2,"skilltree:golden_ring":2,"minecraft:dark_prismarine":3,"minecraft:cyan_bed":1,"epicfight:skillbook":4,"minecraft:moss_block":12,"naturalist:antler":1,"naturalist:snail_shell":1,"minecraft:diamond_axe":1,"minecraft:oak_log":128,"jeg:scrap_block":1,"enhancedfarming:mango":60,"simplefarming:sweet_potato_seeds":1,"minecraft:netherite_upgrade_smithing_template":4,"minecraft:leather":246,"jeg:scrap":12,"travelersbackpack:standard":1,"paraglider:spirit_orb":2,"simplefarming:pea_seeds":2,"minecraft:netherite_scrap":4,"minecraft:mutton":7,"epicsamurai:jade":4,"wom:tormented_mind":2,"epicsamurai:aquamarine":1,"jeg:tech_trash":3,"minecraft:gravel":25,"minecraft:soul_lantern":4,"jeg:double_barrel_shotgun":3,"minecraft:diamond_shovel":1,"travelersbackpack:bat":1,"patchouli:guide_book":4,"wom:iron_staff":1,"travelersbackpack:gold_tier_upgrade":1,"minecraft:gunpowder":3,"enhancedfarming:cherry":3,"naturalist:venison":1,"simplefarming:strawberries":1,"minecraft:chest":1,"mokels_adventure:bloody_tear":3,"minecraft:arrow":29,"minecraft:quartz":79,"jeg:handmade_shell":34,"minecraft:polished_granite":2,"minecraft:netherrack":215,"minecraft:bread":7,"minecraft:mossy_cobblestone":2,"minecraft:diamond_leggings":2,"simplefarming:turnip_seeds":1,"simplyswords:diamond_warglaive":1,"minecraft:spruce_stairs":1,"minecraft:grass_block":1,"minecraft:stick":2,"jeg:custom_smg":1,"minecraft:torch":10,"alexsmobs:dropbear_claw":2,"minecraft:melon_slice":8,"minecraft:iron_axe":1,"minecraft:orange_bed":1,"minecraft:bucket":2,"minecraft:redstone":12,"simplefarming:cotton_seeds":1,"simplefarming:onion_seeds":1,"travelersbackpack:diamond":1,"minecraft:coarse_dirt":3,"minecraft:raw_copper":6,"valhelsia_structures:gray_sleeping_bag":1,"minecraft:jukebox":1,"minecraft:tuff":763,"farmersdelight:cabbage_seeds":1,"minecraft:raw_iron":3,"minecraft:light_gray_wool":2,"travelersbackpack:diamond_tier_upgrade":4,"minecraft:flint_and_steel":1,"minecraft:shield":1,"hpm:smallhull":1,"aether:diamond_gloves":1,"minecraft:iron_chestplate":6,"minecraft:mossy_stone_bricks":20,"minecraft:oak_sapling":3,"minecraft:birch_sign":1,"simplyswords:iron_spear":1,"enhancedfarming:orange":2,"minecraft:diamond_boots":1,"minecraft:stone_pickaxe":7,"minecraft:raw_gold":3,"herbology:salt":25},"minecraft:custom":{"minecraft:interact_with_crafting_table":193,"minecraft:open_barrel":95,"minecraft:leave_game":11,"minecraft:time_since_death":152054,"minecraft:play_time":1247345,"minecraft:deaths":44,"minecraft:jump":17699,"minecraft:enchant_item":33,"minecraft:interact_with_furnace":362,"minecraft:sleep_in_bed":37,"minecraft:waystone_activated":2,"minecraft:damage_dealt":108306,"minecraft:interact_with_smoker":37,"minecraft:interact_with_smithing_table":35,"minecraft:interact_with_anvil":22,"minecraft:damage_dealt_absorbed":92,"minecraft:sneak_time":48122,"minecraft:interact_with_blast_furnace":59,"minecraft:total_world_time":1247345,"minecraft:time_since_rest":86009,"minecraft:swim_one_cm":152152,"minecraft:fly_one_cm":5036457,"minecraft:open_chest":1248,"minecraft:fall_one_cm":485944,"minecraft:animals_bred":2,"minecraft:sprint_one_cm":6104342,"minecraft:drop":606,"minecraft:talked_to_villager":1,"minecraft:walk_on_water_one_cm":52975,"minecraft:crouch_one_cm":252401,"minecraft:mob_kills":581,"minecraft:interact_with_campfire":16,"minecraft:climb_one_cm":25673,"minecraft:walk_one_cm":5386850,"minecraft:walk_under_water_one_cm":46645,"minecraft:raid_trigger":1,"minecraft:interact_with_grindstone":21,"minecraft:damage_taken":36778,"minecraft:damage_absorbed":296,"minecraft:trigger_trapped_chest":2},"minecraft:crafted":{"immersive_aircraft:engine":4,"minecraft:smooth_stone":24,"epicsamurai:silver_ingot":18,"regions_unexplored:maple_planks":140,"minecraft:lever":6,"minecraft:diamond_shovel":1,"minecraft:bookshelf":16,"travelersbackpack:bat":3,"minecraft:glass":25,"minecraft:repeater":1,"minecraft:diamond_helmet":2,"minecraft:diamond_leggings":2,"simplyswords:gold_chakram":2,"aether:diamond_gloves":1,"immersive_aircraft:warship":1,"minecraft:cooked_porkchop":32,"travelersbackpack:standard":2,"minecraft:copper_ingot":127,"minecraft:campfire":1,"travelersbackpack:red_sleeping_bag":1,"minecraft:iron_block":3,"minecraft:gold_ingot":23,"wom:iron_staff":3,"minecraft:netherite_ingot":2,"epicsamurai:quartz_samurai_leggings":1,"vanillaplustools:stone_hammer":3,"minecraft:iron_nugget":18,"minecraft:bone_meal":12,"travelersbackpack:gold_tier_upgrade":3,"minecraft:white_carpet":87,"travelersbackpack:blank_upgrade":4,"minecraft:stone_pickaxe":33,"minecraft:diamond_boots":2,"skilltree:golden_ring":4,"epicsamurai:katana_handle":2,"immersive_aircraft:cargo_airship":2,"minecraft:enchanting_table":1,"immersive_aircraft:industrial_gears":2,"wom:satsujin":2,"minecraft:iron_shovel":10,"minecraft:white_bed":2,"farmersdelight:diamond_knife":1,"epicsamurai:steel_ingot":25,"skilltree:simple_necklace":1,"minecraft:oak_planks":212,"epicsamurai:shuriken":8,"minecraft:stone":55,"regions_unexplored:red_maple_sapling":2,"minecraft:bow":1,"immersive_aircraft:hull":9,"minecraft:chest":20,"minecraft:netherite_upgrade_smithing_template":4,"minecraft:smoker":3,"travelersbackpack:iron_tier_upgrade":3,"minecraft:crafting_table":3,"minecraft:spruce_planks":76,"immersive_aircraft:rotary_cannon":1,"minecraft:wooden_pickaxe":1,"minecraft:red_wool":2,"minecraft:dispenser":1,"travelersbackpack:wolf":2,"minecraft:charcoal":84,"minecraft:diamond_pickaxe":11,"minecraft:shield":2,"minecraft:stick":158,"minecraft:iron_ingot":437,"minecraft:redstone_torch":2,"vanillaplustools:diamond_hammer":2,"minecraft:shears":2,"travelersbackpack:netherite_tier_upgrade":2,"epicsamurai:katana":2,"minecraft:raw_iron":36,"minecraft:tripwire_hook":2,"vanillaplustools:iron_shovel":1,"immersive_aircraft:sail":14,"minecraft:furnace":40,"minecraft:blast_furnace":8,"epicsamurai:quartz_samurai_helmet":1,"minecraft:piston":10,"minecraft:flint_and_steel":1,"minecraft:netherite_scrap":11,"travelersbackpack:diamond_tier_upgrade":3,"immersive_aircraft:airship":2,"minecraft:cooked_beef":96,"immersive_aircraft:boiler":8,"travelersbackpack:backpack_tank":4,"minecraft:iron_sword":1,"minecraft:bucket":4,"simplyswords:diamond_rapier":1,"minecraft:stone_axe":1,"minecraft:bread":14,"minecraft:air":0,"jeg:scrap_block":1,"epicsamurai:quartz_samurai_chestplate":1,"minecraft:white_wool":7,"minecraft:gold_nugget":23,"minecraft:white_dye":1,"immersive_aircraft:heavy_crossbow":1,"minecraft:anvil":1,"minecraft:acacia_planks":4,"minecraft:torch":316,"minecraft:diamond_chestplate":2}},"DataVersion":3465}