{"stats":{"minecraft:used":{"minecraft:moss_block":1,"minecraft:iron_shovel":153,"minecraft:chest":17,"minecraft:iron_sword":63,"minecraft:rotten_flesh":2,"minecraft:iron_chestplate":2,"minecraft:carrot":44,"jeg:custom_smg":175,"minecraft:tuff":113,"minecraft:cyan_wool":3,"vanillaplustools:iron_shovel":7,"wom:agony":402,"enhancedfarming:cherry":11,"wom:iron_staff":1356,"enhancedfarming:lemon":4,"minecraft:stone_bricks":70,"enhancedfarming:orange":36,"minecraft:furnace":15,"jeg:revolver":25,"simplyswords:gold_chakram":64,"epicfight:skillbook":5,"epicsamurai:quartz_samurai_chestplate":1,"minecraft:oak_planks":7,"minecraft:wooden_pickaxe":32,"minecraft:golden_apple":11,"vanillaplustools:diamond_hammer":2458,"minecraft:glow_berries":8,"minecraft:blast_furnace":4,"epicsamurai:shuriken":10,"minecraft:shears":66,"enhancedfarming:orange_sapling":1,"minecraft:bread":13,"minecraft:cyan_bed":7,"minecraft:gravel":88,"regions_unexplored:maple_stairs":105,"minecraft:diamond_sword":12,"minecraft:grindstone":1,"minecraft:coarse_dirt":1,"minecraft:cobweb":31,"minecraft:stripped_acacia_wood":2,"minecraft:enchanting_table":1,"minecraft:flint_and_steel":10,"minecraft:spruce_planks":3,"vanillaplustools:stone_hammer":473,"immersive_aircraft:warship":1,"simpletomb:grave_key":58,"minecraft:orange_bed":6,"minecraft:torch":356,"minecraft:dirt":592,"minecraft:anvil":1,"minecraft:bookshelf":15,"minecraft:oak_stairs":6,"simplefarming:fruit_salad":14,"enhancedfarming:pear":1,"jeg:double_barrel_shotgun":29,"minecraft:golden_carrot":6,"minecraft:beef":8,"minecraft:cobbled_deepslate":674,"minecraft:acacia_planks":4,"minecraft:amethyst_block":4,"minecraft:mossy_cobblestone":1,"minecraft:tnt":6,"minecraft:crafting_table":5,"minecraft:white_bed":4,"minecraft:diamond_pickaxe":28,"minecraft:black_wool":21,"minecraft:apple":144,"minecraft:diamond_shovel":508,"minecraft:stone_axe":5,"jeg:scrap_workbench":1,"minecraft:porkchop":4,"enhancedfarming:mango":99,"epicsamurai:katana":16,"minecraft:cobblestone":1471,"minecraft:bucket":6,"minecraft:cooked_porkchop":8,"alexsmobs:animal_dictionary":1},"minecraft:broken":{"minecraft:diamond_helmet":1,"minecraft:iron_sword":1,"wom:iron_staff":1,"vanillaplustools:stone_hammer":4,"simplyswords:gold_chakram":2},"minecraft:crafted":{"immersive_aircraft:engine":4,"minecraft:smooth_stone":24,"minecraft:oak_planks":204,"epicsamurai:silver_ingot":18,"epicsamurai:shuriken":8,"regions_unexplored:maple_planks":140,"minecraft:stone":55,"minecraft:lever":6,"minecraft:diamond_shovel":1,"minecraft:bookshelf":16,"minecraft:bow":1,"minecraft:diamond_helmet":1,"minecraft:repeater":1,"minecraft:diamond_leggings":1,"immersive_aircraft:hull":6,"simplyswords:gold_chakram":2,"aether:diamond_gloves":1,"minecraft:chest":14,"immersive_aircraft:warship":1,"minecraft:cooked_porkchop":32,"minecraft:crafting_table":3,"minecraft:spruce_planks":4,"minecraft:wooden_pickaxe":1,"immersive_aircraft:rotary_cannon":1,"minecraft:copper_ingot":127,"minecraft:dispenser":1,"minecraft:diamond_pickaxe":11,"minecraft:charcoal":83,"minecraft:stick":150,"minecraft:iron_ingot":437,"minecraft:iron_block":3,"minecraft:gold_ingot":23,"wom:iron_staff":3,"minecraft:redstone_torch":2,"minecraft:netherite_ingot":2,"vanillaplustools:diamond_hammer":2,"minecraft:shears":1,"epicsamurai:quartz_samurai_leggings":1,"epicsamurai:katana":2,"minecraft:raw_iron":36,"minecraft:tripwire_hook":2,"vanillaplustools:stone_hammer":3,"minecraft:iron_nugget":18,"vanillaplustools:iron_shovel":1,"immersive_aircraft:sail":11,"minecraft:furnace":37,"minecraft:blast_furnace":8,"epicsamurai:quartz_samurai_helmet":1,"minecraft:piston":10,"minecraft:white_carpet":69,"minecraft:stone_pickaxe":33,"minecraft:diamond_boots":1,"skilltree:golden_ring":4,"immersive_aircraft:airship":1,"epicsamurai:katana_handle":2,"immersive_aircraft:cargo_airship":1,"immersive_aircraft:boiler":8,"minecraft:enchanting_table":1,"minecraft:iron_sword":1,"immersive_aircraft:industrial_gears":2,"minecraft:bucket":4,"simplyswords:diamond_rapier":1,"minecraft:stone_axe":1,"minecraft:air":0,"minecraft:bread":14,"jeg:scrap_block":1,"epicsamurai:quartz_samurai_chestplate":1,"minecraft:gold_nugget":23,"immersive_aircraft:heavy_crossbow":1,"minecraft:iron_shovel":10,"minecraft:anvil":1,"minecraft:white_bed":2,"epicsamurai:steel_ingot":25,"minecraft:acacia_planks":4,"minecraft:torch":284,"skilltree:simple_necklace":1,"minecraft:diamond_chestplate":1},"minecraft:picked_up":{"enhancedfarming:orange_sapling":5,"minecraft:iron_chestplate":7,"epicsamurai:steel_ingot":7,"minecraft:smithing_table":1,"minecraft:lead":1,"regions_unexplored:silt_dirt":2,"minecraft:oak_stairs":6,"wom:stone_staff":1,"enhancedfarming:orange":18,"minecraft:amethyst_block":4,"minecraft:string":51,"minecraft:raw_copper":251,"minecraft:netherite_ingot":2,"jeg:revolver":1,"minecraft:oak_sign":1,"minecraft:diamond_leggings":1,"minecraft:gold_nugget":2,"minecraft:cobbled_deepslate":7070,"minecraft:spruce_planks":31,"minecraft:melon_slice":4,"farmersdelight:cabbage_seeds":1,"minecraft:iron_boots":1,"minecraft:stick":19,"minecraft:jukebox":1,"jeg:pistol_ammo":200,"minecraft:torch":95,"enhancedfarming:cherry":19,"minecraft:spruce_stairs":4,"minecraft:porkchop":29,"epicfight:skillbook":5,"mokels_adventure:tainted_rune":1,"enhancedfarming:cherry_leaves":5,"hpm:smallhull":1,"epicsamurai:shuriken":28,"enhancedfarming:pear":1,"minecraft:orange_bed":7,"minecraft:rotten_flesh":31,"mokels_adventure:bloody_tear":2,"farmersdelight:rope":11,"minecraft:cobblestone":7136,"minecraft:feather":22,"vanillaplustools:diamond_hammer":2,"minecraft:potato":5,"paraglider:spirit_orb":26,"minecraft:flint":22,"minecraft:tuff":801,"jeg:scrap":241,"minecraft:wither_skeleton_skull":1,"skilltree:gem":45,"minecraft:lapis_lazuli":162,"minecraft:dirt":1129,"minecraft:polished_granite":2,"minecraft:bone":64,"minecraft:chipped_anvil":1,"minecraft:acacia_planks":2,"minecraft:wheat_seeds":20,"minecraft:raw_gold":79,"minecraft:grindstone":1,"regions_unexplored:maple_stairs":198,"minecraft:mossy_stone_bricks":38,"minecraft:moss_block":14,"wom:diamond_legbottomseal":1,"epicsamurai:raw_silver":17,"patchouli:guide_book":2,"minecraft:stripped_acacia_wood":3,"minecraft:sand":23,"minecraft:cyan_bed":8,"minecraft:mossy_cobblestone":41,"minecraft:dark_prismarine":5,"minecraft:diamond":103,"jeg:custom_smg":1,"minecraft:soul_lantern":5,"enhancedfarming:avocado":5,"minecraft:crossbow":1,"minecraft:granite":1,"minecraft:golden_apple":1,"minecraft:emerald":3,"minecraft:oak_sapling":3,"simplefarming:cassava_seeds":1,"minecraft:coarse_dirt":65,"minecraft:crafting_table":2,"minecraft:chicken":1,"minecraft:clay_ball":20,"simplefarming:fruit_salad":15,"travelersbackpack:sandstone":5,"jeg:scrap_workbench":1,"minecraft:jungle_trapdoor":3,"minecraft:red_bed":1,"epicsamurai:jade":8,"minecraft:cyan_carpet":15,"minecraft:cracked_stone_bricks":17,"minecraft:beef":8,"minecraft:player_head":2,"minecraft:cyan_wool":3,"minecraft:lectern":1,"minecraft:chest":8,"minecraft:raw_iron":325,"minecraft:sandstone":2,"minecraft:copper_ingot":115,"herbology:salt":53,"minecraft:bowl":8,"minecraft:spruce_fence":14,"minecraft:carrot":33,"minecraft:redstone":217,"minecraft:dark_oak_planks":7,"minecraft:tnt":2,"minecraft:arrow":56,"regions_unexplored:maple_sapling":7,"minecraft:jungle_stairs":1,"epicsamurai:quartz_ingot":16,"enhancedfarming:cherry_sapling":8,"enhancedfarming:mango":104,"minecraft:gold_ingot":14,"minecraft:glow_berries":8,"minecraft:mutton":4,"minecraft:white_wool":38,"minecraft:leather":6,"minecraft:mushroom_stew":2,"minecraft:oak_log":180,"minecraft:gunpowder":17,"minecraft:apple":142,"minecraft:stone_bricks":125,"minecraft:kelp":1,"minecraft:stone_pickaxe":4,"jeg:double_barrel_shotgun":3,"epicsamurai:aquamarine":3,"minecraft:iron_sword":1,"jeg:tech_trash":24,"minecraft:dark_oak_stairs":1,"minecraft:book":204,"wom:agony":1,"enhancedfarming:mango_sapling":3,"minecraft:quartz":33,"minecraft:raw_iron_block":4,"minecraft:gravel":104,"minecraft:spruce_sapling":2,"minecraft:white_bed":4,"minecraft:spruce_log":8,"minecraft:spider_eye":7,"jeg:handmade_shell":50,"enhancedfarming:lemon":5,"minecraft:chainmail_leggings":1,"minecraft:iron_helmet":1,"minecraft:diamond_axe":1,"vanillaplustools:stone_hammer":1,"minecraft:birch_sign":1,"regions_unexplored:maple_log":7,"minecraft:black_wool":21,"mokels_adventure:tainted_core":1,"minecraft:coal":270},"minecraft:mined":{"minecraft:white_bed":4,"minecraft:spruce_planks":29,"minecraft:farmland":1,"ecologics:surface_moss":1,"minecraft:cave_vines_plant":4,"minecraft:granite":4,"minecraft:grass_block":212,"minecraft:oak_wall_sign":1,"minecraft:spawner":14,"minecraft:raw_iron_block":4,"minecraft:magma_block":2,"regions_unexplored:stone_bud":4,"minecraft:iron_ore":47,"minecraft:cobbled_deepslate":36,"minecraft:fire":36,"regions_unexplored:mossy_stone":22,"minecraft:deepslate_lapis_ore":12,"regions_unexplored:maple_stairs":6,"minecraft:cave_vines":6,"epicsamurai:deepslate_silver_ore":13,"regions_unexplored:silt_grass_block":1,"minecraft:orange_bed":6,"minecraft:deepslate_redstone_ore":69,"minecraft:clay":1,"minecraft:torch":28,"minecraft:melon":1,"minecraft:chest":7,"minecraft:cobblestone":577,"minecraft:cyan_bed":7,"minecraft:grindstone":1,"minecraft:oak_planks":2,"minecraft:wall_torch":39,"minecraft:amethyst_block":4,"minecraft:deepslate_copper_ore":4,"minecraft:cyan_wool":3,"epicsamurai:aquamarine_ore":2,"minecraft:tnt":2,"enhancedfarming:cherry_leaves":8,"travelersbackpack:sandstone":4,"minecraft:grass":5,"minecraft:dirt":259,"minecraft:deepslate":12149,"minecraft:dark_prismarine":6,"minecraft:diamond_ore":27,"minecraft:tuff":1371,"epicsamurai:deepslate_onyx_ore":2,"minecraft:deepslate_diamond_ore":76,"epicsamurai:deepslate_ruby_ore":8,"minecraft:white_stained_glass":2,"regions_unexplored:maple_leaves":1,"farmersdelight:wild_cabbages":1,"minecraft:kelp":1,"minecraft:moss_block":10,"minecraft:redstone_ore":8,"treechop:chopped_log":2,"minecraft:bookshelf":2,"minecraft:deepslate_iron_ore":285,"minecraft:vine":4,"regions_unexplored:medium_grass":11,"minecraft:stone":7266,"minecraft:white_wool":39,"herbology:salt_block":44,"minecraft:smithing_table":1,"jeg:scrap_ore":28,"minecraft:polished_granite":2,"epicsamurai:deepslate_aquamarine_ore":1,"minecraft:crafting_table":2,"minecraft:emerald_ore":2,"regions_unexplored:silt_dirt":1,"minecraft:sculk_sensor":1,"minecraft:copper_ore":72,"minecraft:tall_grass":1,"minecraft:deepslate_coal_ore":2,"minecraft:deepslate_gold_ore":46,"minecraft:lapis_ore":3,"minecraft:spruce_stairs":3,"jeg:deepslate_scrap_ore":98,"jeg:scrap_workbench":1,"minecraft:coarse_dirt":63,"minecraft:black_wool":24,"minecraft:coal_ore":195,"minecraft:cyan_carpet":8,"minecraft:gravel":173,"minecraft:cobweb":31,"minecraft:cracked_stone_bricks":10,"enhancedfarming:lemon_leaves":1,"minecraft:stone_bricks":18,"minecraft:mossy_stone_bricks":14,"minecraft:chipped_anvil":1,"minecraft:infested_stone":19,"minecraft:dark_oak_planks":1},"minecraft:killed":{"mokels_adventure:tainted_flame":1,"mythicmounts:dragon":1,"minecraft:spider":10,"kobolds:kobold_rascal":2,"naturalist:snail":1,"minecraft:skeleton":38,"minecraft:chicken":1,"minecraft:silverfish":12,"minecraft:parrot":1,"minecraft:zombie_villager":1,"minecraft:creeper":5,"minecraft:trader_llama":2,"minecraft:pillager":7,"minecraft:zombie":35,"mokels_adventure:mana_sentinel":1,"minecraft:phantom":6,"minecraft:bat":1,"minecraft:hoglin":6,"alexsmobs:crow":3,"minecraft:wither_skeleton":15,"minecraft:villager":1},"minecraft:dropped":{"minecraft:iron_sword":2,"minecraft:lapis_lazuli":41,"minecraft:moss_block":12,"minecraft:porkchop":12,"minecraft:diamond_axe":1,"minecraft:oak_log":128,"wom:diamond_legbottomseal":1,"minecraft:diamond":4,"jeg:scrap_block":1,"enhancedfarming:mango":57,"minecraft:glow_berries":2,"minecraft:leather":2,"minecraft:cracked_stone_bricks":8,"minecraft:dirt":536,"minecraft:mutton":3,"epicsamurai:jade":4,"minecraft:gold_nugget":4,"epicsamurai:aquamarine":1,"minecraft:dark_oak_planks":2,"jeg:tech_trash":3,"minecraft:cyan_carpet":15,"minecraft:bone":40,"minecraft:gravel":5,"minecraft:stone_axe":1,"alexsmobs:animal_dictionary":1,"minecraft:cobbled_deepslate":4992,"enhancedfarming:cherry_sapling":10,"minecraft:soul_lantern":4,"minecraft:rotten_flesh":14,"jeg:double_barrel_shotgun":2,"minecraft:oak_planks":1,"minecraft:diamond_shovel":1,"minecraft:jungle_trapdoor":3,"minecraft:white_bed":1,"enhancedfarming:mango_sapling":3,"wom:iron_staff":1,"patchouli:guide_book":4,"enhancedfarming:cherry":2,"minecraft:jungle_stairs":1,"minecraft:chest":1,"mokels_adventure:bloody_tear":2,"farmersdelight:rope":11,"minecraft:arrow":28,"minecraft:quartz":55,"minecraft:polished_granite":2,"jeg:handmade_shell":34,"minecraft:lectern":1,"minecraft:bread":7,"minecraft:iron_ingot":1,"minecraft:wheat_seeds":20,"minecraft:mossy_cobblestone":1,"simpletomb:grave_key":2,"minecraft:diamond_leggings":2,"minecraft:cobblestone":3451,"minecraft:feather":4,"minecraft:granite":1,"enhancedfarming:lemon":1,"minecraft:spruce_stairs":1,"minecraft:coal":121,"minecraft:golden_apple":4,"minecraft:mushroom_stew":2,"minecraft:stick":2,"jeg:custom_smg":1,"minecraft:torch":10,"minecraft:melon_slice":4,"minecraft:rose_bush":1,"skilltree:gem":26,"minecraft:chipped_anvil":1,"minecraft:orange_bed":1,"minecraft:string":17,"minecraft:bucket":2,"minecraft:acacia_planks":2,"minecraft:redstone":12,"vanillaplustools:diamond_hammer":3,"minecraft:furnace":1,"minecraft:player_head":1,"minecraft:coarse_dirt":3,"minecraft:raw_copper":6,"minecraft:jukebox":1,"minecraft:bowl":12,"minecraft:tuff":571,"farmersdelight:cabbage_seeds":1,"minecraft:chicken":1,"minecraft:white_carpet":3,"minecraft:light_gray_wool":2,"minecraft:spruce_fence":14,"minecraft:flint_and_steel":1,"wom:stone_staff":1,"minecraft:potato":1,"epicsamurai:quartz_ingot":1,"hpm:smallhull":1,"minecraft:spruce_planks":31,"aether:diamond_gloves":1,"minecraft:diamond_pickaxe":2,"minecraft:iron_chestplate":5,"minecraft:mossy_stone_bricks":20,"minecraft:oak_sapling":3,"minecraft:spider_eye":6,"minecraft:birch_sign":1,"minecraft:stone_bricks":51,"minecraft:diamond_boots":1,"skilltree:golden_ring":2,"minecraft:stone_pickaxe":7,"regions_unexplored:silt_dirt":2,"minecraft:raw_gold":3,"herbology:salt":25,"minecraft:dark_prismarine":3,"minecraft:cyan_bed":1,"epicfight:skillbook":3},"minecraft:custom":{"minecraft:interact_with_crafting_table":143,"minecraft:open_barrel":41,"minecraft:leave_game":5,"minecraft:time_since_death":80525,"minecraft:sprint_one_cm":2772611,"minecraft:drop":431,"minecraft:play_time":768312,"minecraft:deaths":41,"minecraft:jump":10903,"minecraft:walk_on_water_one_cm":22667,"minecraft:enchant_item":6,"minecraft:interact_with_furnace":350,"minecraft:sleep_in_bed":23,"minecraft:damage_dealt":45621,"minecraft:crouch_one_cm":230196,"minecraft:interact_with_smithing_table":8,"minecraft:interact_with_anvil":10,"minecraft:mob_kills":157,"minecraft:climb_one_cm":7741,"minecraft:walk_one_cm":3581909,"minecraft:damage_dealt_absorbed":82,"minecraft:sneak_time":40147,"minecraft:walk_under_water_one_cm":9320,"minecraft:interact_with_blast_furnace":24,"minecraft:total_world_time":768312,"minecraft:time_since_rest":38983,"minecraft:damage_absorbed":296,"minecraft:damage_taken":25947,"minecraft:trigger_trapped_chest":1,"minecraft:swim_one_cm":38448,"minecraft:fly_one_cm":2733808,"minecraft:open_chest":687,"minecraft:fall_one_cm":325058}},"DataVersion":3465}