{"stats":{"minecraft:mined":{"minecraft:spruce_planks":1,"enhancedfarming:orange_leaves":1,"biomesoplenty:burning_blossom":8,"minecraft:brewing_stand":1,"minecraft:carved_pumpkin":4,"regions_unexplored:red_maple_shrub":2,"minecraft:cave_vines_plant":2,"minecraft:budding_amethyst":7,"biomesoplenty:bramble":23,"minecraft:grass_block":1384,"biomesoplenty:rose_quartz_block":55,"minecraft:cracked_polished_blackstone_bricks":36,"minecraft:deepslate_bricks":1,"regions_unexplored:white_trillium":1,"minecraft:composter":1,"minecraft:nether_wart":13,"travelersbackpack:wolf":2,"minecraft:polished_blackstone_bricks":49,"minecraft:spawner":1,"biomesoplenty:bramble_leaves":5,"epicsamurai:deepslate_jade_ore":6,"minecraft:magma_block":43,"minecraft:raw_iron_block":10,"regions_unexplored:stone_bud":15,"minecraft:iron_ore":113,"minecraft:fire":57,"minecraft:cobbled_deepslate":74,"regions_unexplored:mossy_stone":376,"minecraft:anvil":1,"minecraft:deepslate_lapis_ore":27,"regions_unexplored:maple_stairs":17,"minecraft:enchanting_table":1,"regions_unexplored:maple_leaf_pile":1,"minecraft:cave_vines":3,"minecraft:small_amethyst_bud":2,"minecraft:oak_stairs":1,"epicsamurai:deepslate_silver_ore":30,"minecraft:azalea":4,"regions_unexplored:silt_grass_block":32,"minecraft:player_head":8,"minecraft:orange_bed":1,"minecraft:deepslate_redstone_ore":208,"valhelsia_structures:explorers_tent":2,"minecraft:brown_mushroom":1,"minecraft:red_bed":1,"minecraft:blackstone":40,"regions_unexplored:tall_cobalt_earlight":1,"minecraft:medium_amethyst_bud":1,"minecraft:amethyst_cluster":1,"minecraft:powder_snow":4,"minecraft:clay":11,"minecraft:torch":15,"regions_unexplored:mycotoxic_daisy":1,"regions_unexplored:glowing_yellow_bioshroom_block":4,"minecraft:melon":13,"minecraft:poppy":7,"minecraft:calcite":54,"minecraft:chest":4,"enhancedfarming:avocado_leaves":2,"regions_unexplored:cobalt_roots":1,"minecraft:nether_quartz_ore":270,"minecraft:glass":2,"minecraft:cobblestone":263,"minecraft:bricks":2,"minecraft:sugar_cane":1,"minecraft:iron_door":1,"minecraft:wall_torch":8,"minecraft:amethyst_block":69,"minecraft:deepslate_copper_ore":4,"valhelsia_structures:brazier":1,"minecraft:seagrass":1,"minecraft:cyan_wool":1,"realmrpg_skeletons:bow_skeleton":1,"valhelsia_structures:bone_pile":2,"enhancedfarming:apple_leaves":1,"minecraft:tinted_glass":2,"minecraft:wheat":76,"minecraft:lilac":4,"biomesoplenty:large_rose_quartz_bud":3,"realmrpg_skeletons:acrobat_skeleton":2,"biomesoplenty:maple_leaves":1,"minecraft:grass":89,"minecraft:oak_log":2,"minecraft:beetroots":5,"minecraft:dirt":2352,"minecraft:smooth_basalt":19,"minecraft:tripwire_hook":1,"minecraft:ancient_debris":3,"minecraft:netherrack":3256,"regions_unexplored:mycotoxic_grass":1,"minecraft:oak_leaves":4,"minecraft:deepslate":21688,"minecraft:nether_gold_ore":16,"regions_unexplored:spruce_shrub":1,"minecraft:tuff":3080,"epicsamurai:deepslate_onyx_ore":2,"minecraft:deepslate_diamond_ore":120,"minecraft:nether_brick_wall":2,"minecraft:nether_bricks":3,"minecraft:glow_lichen":1,"epicsamurai:deepslate_ruby_ore":26,"minecraft:brick_stairs":1,"regions_unexplored:maple_leaves":5,"minecraft:spruce_leaves":5,"biomesoplenty:dead_grass":3,"minecraft:moss_block":21,"minecraft:hay_block":13,"epicsamurai:onyx_ore":11,"minecraft:redstone_ore":4,"minecraft:carrots":52,"minecraft:furnace":5,"biomesoplenty:toadstool":1,"minecraft:polished_basalt":2,"treechop:chopped_log":123,"minecraft:bookshelf":24,"minecraft:potatoes":10,"minecraft:rail":1,"minecraft:deepslate_iron_ore":317,"regions_unexplored:medium_grass":49,"regions_unexplored:orange_maple_leaf_pile":5,"minecraft:stone":8870,"biomesoplenty:rose_quartz_cluster":2,"herbology:salt_block":78,"epicsamurai:jade_ore":6,"minecraft:flowering_azalea":3,"minecraft:glass_pane":4,"jeg:scrap_ore":30,"regions_unexplored:silver_birch_leaf_pile":3,"minecraft:basalt":1,"minecraft:dandelion":1,"epicsamurai:deepslate_aquamarine_ore":9,"biomesoplenty:small_rose_quartz_bud":1,"regions_unexplored:salmon_poppy_bush":1,"regions_unexplored:silt_dirt":38,"minecraft:rose_bush":2,"enhancedfarming:mango_leaves":2,"minecraft:copper_ore":44,"minecraft:tall_grass":14,"minecraft:deepslate_coal_ore":2,"biomesoplenty:sprout":12,"minecraft:lapis_ore":1,"minecraft:deepslate_gold_ore":54,"minecraft:polished_blackstone_brick_stairs":2,"minecraft:spruce_stairs":1,"jeg:deepslate_scrap_ore":92,"minecraft:coarse_dirt":190,"minecraft:beehive":2,"minecraft:ice":11,"minecraft:spruce_log":1,"minecraft:bee_nest":1,"minecraft:coal_ore":105,"minecraft:cyan_carpet":5,"minecraft:end_rod":4,"minecraft:gravel":56,"minecraft:cobweb":11,"minecraft:cracked_stone_bricks":9,"regions_unexplored:blackstone_cluster":1,"minecraft:stone_bricks":156,"regions_unexplored:maple_shrub":3,"minecraft:mossy_stone_bricks":10,"minecraft:gold_ore":22,"regions_unexplored:tassel":4,"minecraft:fern":6},"minecraft:killed":{"minecraft:cave_spider":2,"minecraft:zombified_piglin":11,"mythicmounts:nightmare":2,"epicsamurai:kawauso":1,"mythicmounts:dragon":1,"minecraft:spider":35,"endermanoverhaul:dark_oak_enderman":1,"naturalist:snail":1,"minecraft:skeleton":78,"minecraft:bee":1,"minecraft:chicken":2,"minecraft:silverfish":2,"creeperoverhaul:cave_creeper":1,"minecraft:illusioner":3,"minecraft:turtle":1,"minecraft:piglin_brute":2,"minecraft:magma_cube":42,"minecraft:piglin":6,"epicsamurai:enenra":1,"minecraft:wolf":1,"minecraft:parrot":1,"mokels_adventure:mana_curator":3,"minecraft:pig":7,"minecraft:zombie_villager":3,"minecraft:strider":1,"minecraft:creeper":5,"minecraft:sheep":3,"minecraft:pillager":10,"alexsmobs:flutter":1,"minecraft:zombie":128,"minecraft:stray":2,"minecraft:blaze":1,"minecraft:cow":7,"alexsmobs:dropbear":2,"mokels_adventure:mana_sentinel":3,"mokels_adventure:vyde":3,"alexsmobs:raccoon":4,"minecraft:phantom":4,"creeperoverhaul:snowy_creeper":3,"mokels_adventure:knight":4,"realmrpg_wyrms:red_wyrm":1,"alexsmobs:bison":4,"mythicmounts:geckotoalizard":2,"naturalist:butterfly":5,"creeperoverhaul:spruce_creeper":3,"minecraft:bat":1,"minecraft:wandering_trader":1,"minecraft:hoglin":14,"ecologics:squirrel":1,"alexsmobs:crow":4,"minecraft:wither_skeleton":16,"minecraft:enderman":2},"minecraft:broken":{"vanillaplustools:iron_hammer":2,"minecraft:iron_boots":1,"minecraft:iron_chestplate":2,"simplyswords:gold_twinblade":1,"minecraft:diamond_boots":1,"vanillaplustools:iron_shovel":2,"minecraft:iron_sword":1,"wom:iron_staff":1,"minecraft:diamond_chestplate":1,"minecraft:netherite_helmet":1,"minecraft:golden_axe":1,"vanillaplustools:stone_hammer":3,"vanillaplustools:diamond_hammer":1,"minecraft:iron_axe":1,"minecraft:iron_pickaxe":1,"minecraft:iron_helmet":1},"minecraft:picked_up":{"enhancedfarming:orange_sapling":17,"minecraft:iron_chestplate":3,"biomesoplenty:burning_blossom":8,"minecraft:wheat":50,"travelersbackpack:bat":1,"minecraft:lead":1,"regions_unexplored:silt_dirt":29,"minecraft:golden_sword":1,"minecraft:brewing_stand":1,"enhancedfarming:orange":80,"minecraft:amethyst_block":61,"minecraft:string":55,"simplefarming:zucchini_seeds":2,"minecraft:raw_copper":146,"travelersbackpack:diamond":1,"minecraft:cooked_salmon":1,"minecraft:netherite_ingot":7,"minecraft:beetroot":4,"minecraft:diamond_leggings":2,"minecraft:gold_nugget":54,"minecraft:cobbled_deepslate":8041,"minecraft:bucket":1,"minecraft:spruce_planks":29,"regions_unexplored:maple_shrub":4,"minecraft:netherite_upgrade_smithing_template":4,"minecraft:calcite":59,"minecraft:azalea":6,"minecraft:melon_slice":17,"enhancedfarming:lemon_sapling":12,"minecraft:iron_boots":3,"minecraft:furnace":5,"biomesoplenty:rose_quartz_block":55,"minecraft:tipped_arrow":1,"minecraft:beehive":2,"minecraft:stick":480,"minecraft:composter":1,"regions_unexplored:yellow_bioshroom_block":24,"minecraft:torch":91,"enhancedfarming:cherry":69,"travelersbackpack:iron_tier_upgrade":1,"epicfight:skillbook":10,"travelersbackpack:diamond_tier_upgrade":2,"minecraft:porkchop":65,"minecraft:golden_axe":1,"enhancedfarming:cherry_leaves":2,"hpm:smallhull":4,"epicsamurai:shuriken":44,"enhancedfarming:pear_sapling":4,"enhancedfarming:pear":21,"minecraft:orange_bed":1,"mokels_adventure:bloody_tear":1,"wom:tormented_mind":2,"biomesoplenty:rose_quartz_chunk":2,"minecraft:rotten_flesh":140,"simplefarming:pepper_seeds":2,"minecraft:end_rod":3,"minecraft:blaze_rod":1,"minecraft:cobblestone":5488,"minecraft:enchanting_table":1,"minecraft:magma_block":14,"epicfight:stone_spear":1,"minecraft:cooked_beef":61,"minecraft:feather":55,"minecraft:lilac":8,"minecraft:iron_door":1,"alexsmobs:bear_fur":4,"alexsmobs:bison_fur":3,"vanillaplustools:diamond_hammer":5,"minecraft:potato":26,"paraglider:spirit_orb":4,"minecraft:flint":1,"minecraft:tuff":1173,"jeg:scrap":210,"travelersbackpack:gold_tier_upgrade":1,"skilltree:gem":54,"minecraft:lapis_lazuli":81,"minecraft:dirt":2390,"simplefarming:cucumber_seeds":1,"minecraft:bone":195,"minecraft:bow":1,"regions_unexplored:red_maple_shrub":16,"minecraft:wheat_seeds":253,"minecraft:raw_gold":67,"regions_unexplored:maple_stairs":16,"minecraft:diamond_helmet":1,"regions_unexplored:yellow_bioshroom_stem":7,"minecraft:moss_block":14,"wom:diamond_legbottomseal":1,"epicsamurai:raw_silver":25,"minecraft:oak_planks":91,"biomesoplenty:toadstool":1,"minecraft:cooked_porkchop":4,"minecraft:mossy_cobblestone":199,"biomesoplenty:hellbark_log":16,"minecraft:dark_prismarine":6,"epicsamurai:straw_hat":1,"jeg:scrap_block":1,"enhancedfarming:avocado_sapling":3,"minecraft:diamond":135,"minecraft:soul_lantern":2,"waystones:waystone":1,"enhancedfarming:avocado":10,"minecraft:cracked_polished_blackstone_bricks":35,"minecraft:golden_apple":4,"minecraft:bricks":2,"minecraft:bread":9,"epicsamurai:ruby":23,"minecraft:oak_sapling":61,"minecraft:netherrack":1453,"regions_unexplored:apple_oak_sapling":3,"minecraft:diamond_pickaxe":2,"minecraft:charcoal":28,"minecraft:coarse_dirt":120,"minecraft:chicken":2,"minecraft:clay_ball":20,"minecraft:leather_leggings":1,"ecologics:seashell":1,"regions_unexplored:blackstone_cluster":1,"regions_unexplored:white_trillium":10,"valhelsia_structures:brown_sleeping_bag":2,"minecraft:shield":1,"epicfight:stray_pants":1,"minecraft:netherite_scrap":4,"regions_unexplored:spruce_shrub":2,"epicsamurai:jade":10,"minecraft:white_carpet":3,"minecraft:cyan_carpet":1,"minecraft:cracked_stone_bricks":1,"regions_unexplored:maple_leaf_pile":2,"minecraft:beef":36,"minecraft:player_head":6,"minecraft:cyan_wool":1,"minecraft:poppy":6,"minecraft:tinted_glass":2,"minecraft:sugar_cane":3,"minecraft:chest":5,"minecraft:phantom_membrane":1,"minecraft:raw_iron":368,"regions_unexplored:silver_birch_leaf_pile":6,"simplefarming:cantaloupe_seeds":1,"ecologics:coconut_slice":4,"herbology:salt":182,"minecraft:bowl":2,"minecraft:polished_blackstone_bricks":46,"minecraft:cookie":3,"minecraft:carrot":128,"minecraft:redstone":591,"valhelsia_structures:explorers_tent":2,"simplefarming:eggplant_seeds":1,"minecraft:dark_oak_planks":2,"valhelsia_structures:brazier":1,"biomesoplenty:umbran_sapling":32,"minecraft:arrow":66,"regions_unexplored:maple_sapling":185,"minecraft:beetroot_seeds":10,"simplefarming:strawberries":15,"minecraft:deepslate_bricks":1,"epicsamurai:quartz_ingot":1,"minecraft:diamond_boots":1,"minecraft:hay_block":13,"enhancedfarming:cherry_sapling":8,"enhancedfarming:mango":228,"minecraft:brick_stairs":1,"minecraft:glow_berries":2,"minecraft:mutton":4,"minecraft:rail":4,"minecraft:white_wool":9,"minecraft:stripped_oak_log":1,"minecraft:tripwire_hook":1,"minecraft:leather":231,"enhancedfarming:apple_sapling":9,"minecraft:acacia_wood":120,"minecraft:oak_log":492,"minecraft:ancient_debris":3,"regions_unexplored:salmon_poppy_bush":1,"minecraft:gunpowder":6,"regions_unexplored:tassel":3,"minecraft:white_banner":5,"minecraft:apple":229,"minecraft:stone_bricks":13,"minecraft:iron_ingot":1,"minecraft:stone_pickaxe":6,"biomesoplenty:magic_log":40,"biomesoplenty:umbran_log":98,"jeg:double_barrel_shotgun":1,"epicsamurai:aquamarine":6,"minecraft:iron_sword":3,"minecraft:flowering_azalea":4,"jeg:tech_trash":18,"regions_unexplored:orange_maple_leaf_pile":7,"minecraft:book":60,"wom:agony":1,"epicsamurai:onyx":13,"epicsamurai:katana":1,"enhancedfarming:mango_sapling":6,"minecraft:sweet_berries":3,"wom:iron_staff":1,"minecraft:quartz":267,"minecraft:dandelion":1,"minecraft:raw_iron_block":16,"simplefarming:blueberries":5,"minecraft:gravel":18,"minecraft:amethyst_shard":4,"minecraft:spruce_sapling":53,"minecraft:white_bed":1,"minecraft:spruce_log":117,"minecraft:spider_eye":18,"jeg:handmade_shell":34,"travelersbackpack:wolf":2,"wom:diamond_greataxe":1,"enhancedfarming:lemon":41,"travelersbackpack:standard":1,"minecraft:diamond_shovel":1,"biomesoplenty:bramble":23,"minecraft:stone_axe":1,"minecraft:chainmail_leggings":2,"regions_unexplored:maple_log":547,"regions_unexplored:stripped_maple_log":1,"simplefarming:cotton_seeds":1,"minecraft:coal":177,"minecraft:ender_pearl":1},"minecraft:used":{"minecraft:beetroot":1,"minecraft:chest":38,"travelersbackpack:diamond":1,"minecraft:iron_sword":16,"minecraft:rotten_flesh":16,"minecraft:player_head":3,"simplyswords:diamond_rapier":65,"minecraft:carrot":84,"minecraft:tuff":58,"minecraft:honey_bottle":2,"vanillaplustools:iron_shovel":758,"regions_unexplored:salmon_poppy_bush":1,"wom:tormented_mind":396,"enhancedfarming:cherry":29,"wom:iron_staff":1338,"enhancedfarming:lemon":23,"minecraft:stone_bricks":2,"enhancedfarming:orange":28,"minecraft:furnace":14,"minecraft:potato":24,"epicfight:skillbook":39,"minecraft:end_rod":1,"minecraft:diamond_boots":3,"minecraft:oak_planks":40,"minecraft:diamond_axe":366,"minecraft:cookie":3,"minecraft:golden_apple":9,"vanillaplustools:diamond_hammer":4397,"simplefarming:strawberries":2,"epicsamurai:shuriken":42,"waystones:waystone":1,"minecraft:melon_slice":4,"minecraft:bread":20,"minecraft:soul_lantern":1,"regions_unexplored:maple_stairs":1031,"minecraft:diamond_sword":20,"minecraft:smithing_table":2,"minecraft:coarse_dirt":168,"minecraft:experience_bottle":24,"vanillaplustools:diamond_shovel":12,"farmersdelight:diamond_knife":4,"regions_unexplored:yellow_bioshroom_stem":5,"vanillaplustools:stone_hammer":453,"travelersbackpack:bat":3,"minecraft:cooked_salmon":1,"minecraft:netherrack":88,"simpletomb:grave_key":71,"minecraft:orange_bed":1,"minecraft:torch":450,"minecraft:dirt":1164,"minecraft:anvil":1,"minecraft:diamond_helmet":1,"wom:stone_staff":196,"minecraft:iron_axe":757,"valhelsia_structures:explorers_tent":1,"simplefarming:fruit_salad":20,"enhancedfarming:avocado":1,"minecraft:diamond_chestplate":2,"jeg:double_barrel_shotgun":19,"minecraft:golden_carrot":12,"minecraft:acacia_wood":9,"minecraft:cooked_beef":52,"minecraft:cobbled_deepslate":213,"minecraft:golden_axe":17,"minecraft:cooked_mutton":8,"minecraft:amethyst_block":5,"minecraft:glass_bottle":1,"minecraft:baked_potato":8,"minecraft:mossy_cobblestone":3,"minecraft:crafting_table":8,"simplyswords:gold_twinblade":32,"minecraft:white_bed":1,"biomesoplenty:hellbark_planks":8,"epicfight:stone_spear":7,"travelersbackpack:wolf":16,"minecraft:oak_log":2,"minecraft:dark_prismarine":6,"minecraft:diamond_pickaxe":446,"minecraft:apple":195,"minecraft:iron_pickaxe":597,"wom:diamond_greataxe":216,"jeg:scrap_workbench":1,"minecraft:stone_axe":41,"epicsamurai:katana":323,"minecraft:potion":1,"travelersbackpack:standard":6,"minecraft:cobblestone":543,"vanillaplustools:iron_hammer":500,"minecraft:porkchop":2,"minecraft:cooked_porkchop":34,"enhancedfarming:mango":32,"minecraft:pumpkin_pie":9,"minecraft:diamond_leggings":2},"minecraft:dropped":{"minecraft:diamond_axe":1,"minecraft:cooked_beef":3,"minecraft:oak_log":138,"minecraft:netherite_upgrade_smithing_template":4,"wom:diamond_legbottomseal":1,"minecraft:ender_pearl":1,"minecraft:diamond":28,"enhancedfarming:mango":64,"minecraft:leather":3,"simplyswords:diamond_claymore":1,"minecraft:cracked_stone_bricks":1,"jeg:scrap":2,"minecraft:dirt":842,"simplefarming:fruit_salad":14,"minecraft:mutton":1,"epicsamurai:shuriken":48,"wom:tormented_mind":1,"minecraft:white_wool":2,"minecraft:cyan_carpet":1,"minecraft:bone":2,"minecraft:gravel":6,"wom:agony":2,"minecraft:golden_chestplate":1,"minecraft:cobbled_deepslate":4728,"enhancedfarming:cherry_sapling":4,"minecraft:soul_lantern":1,"epicsamurai:katana":1,"minecraft:beetroot":2,"minecraft:rotten_flesh":5,"minecraft:oak_planks":2,"travelersbackpack:bat":1,"simplefarming:pepper_seeds":1,"minecraft:carrot":64,"wom:iron_staff":1,"minecraft:gunpowder":8,"enhancedfarming:apple_sapling":5,"enhancedfarming:cherry":19,"minecraft:beetroot_seeds":4,"minecraft:chest":1,"minecraft:azalea":6,"vanillaplustools:stone_hammer":1,"minecraft:quartz":33,"minecraft:netherrack":1180,"minecraft:iron_ingot":1,"minecraft:wheat_seeds":60,"minecraft:lilac":7,"regions_unexplored:red_maple_shrub":6,"minecraft:golden_axe":1,"minecraft:feather":2,"minecraft:cobblestone":1918,"minecraft:book":45,"minecraft:apple":1,"enhancedfarming:lemon":1,"minecraft:coal":15,"minecraft:stick":8,"minecraft:end_rod":1,"epicsamurai:steel_ingot":7,"minecraft:torch":6,"skilltree:gem":7,"minecraft:diamond_helmet":1,"minecraft:raw_iron_block":2,"minecraft:flowering_azalea":4,"minecraft:white_banner":5,"minecraft:red_dye":6,"minecraft:string":6,"minecraft:spruce_sapling":4,"simplefarming:cotton_seeds":1,"vanillaplustools:diamond_hammer":4,"minecraft:furnace":2,"travelersbackpack:diamond":1,"minecraft:player_head":1,"minecraft:netherite_ingot":10,"minecraft:coarse_dirt":4,"minecraft:tuff":929,"minecraft:raw_iron":1,"minecraft:chicken":1,"wom:stone_staff":1,"regions_unexplored:maple_stairs":192,"epicsamurai:quartz_ingot":16,"simplefarming:cucumber_seeds":1,"hpm:smallhull":5,"minecraft:golden_leggings":1,"minecraft:oak_sapling":12,"minecraft:stone_bricks":1,"minecraft:spider_eye":3,"enhancedfarming:orange":34,"wom:diamond_greataxe":1,"minecraft:stone_pickaxe":2,"minecraft:magma_block":1,"regions_unexplored:silt_dirt":5,"epicfight:skillbook":1},"minecraft:custom":{"minecraft:interact_with_crafting_table":178,"minecraft:open_barrel":52,"minecraft:eat_cake_slice":7,"minecraft:leave_game":13,"minecraft:time_since_death":320609,"minecraft:sprint_one_cm":8349930,"minecraft:drop":377,"minecraft:talked_to_villager":6,"minecraft:play_time":1178018,"minecraft:deaths":23,"minecraft:jump":9962,"minecraft:walk_on_water_one_cm":90518,"minecraft:enchant_item":6,"minecraft:interact_with_furnace":133,"minecraft:sleep_in_bed":36,"minecraft:waystone_activated":2,"minecraft:damage_dealt":107060,"minecraft:crouch_one_cm":12512,"minecraft:interact_with_smoker":8,"minecraft:interact_with_smithing_table":39,"minecraft:interact_with_anvil":17,"minecraft:mob_kills":465,"minecraft:interact_with_campfire":12,"minecraft:climb_one_cm":28712,"minecraft:walk_one_cm":6867965,"minecraft:damage_dealt_absorbed":34047,"minecraft:sneak_time":5027,"minecraft:walk_under_water_one_cm":24758,"minecraft:interact_with_blast_furnace":47,"minecraft:total_world_time":1178018,"minecraft:tune_noteblock":1,"minecraft:raid_trigger":1,"minecraft:interact_with_grindstone":4,"minecraft:time_since_rest":44027,"minecraft:damage_taken":19876,"minecraft:damage_absorbed":4075,"minecraft:swim_one_cm":149529,"minecraft:fly_one_cm":2396392,"minecraft:open_chest":624,"minecraft:fall_one_cm":221871},"minecraft:crafted":{"minecraft:smooth_stone":11,"minecraft:oak_planks":980,"epicsamurai:silver_ingot":9,"epicsamurai:shuriken":56,"wom:diamond_greataxe":4,"epicsamurai:green_samurai_chestplate":1,"regions_unexplored:maple_planks":1868,"skilltree:assassin_necklace":1,"aether:golden_ring":2,"minecraft:stone":30,"regions_unexplored:maple_stairs":1252,"minecraft:diamond_shovel":9,"travelersbackpack:diamond":1,"wom:tormented_mind":1,"vanillaplustools:iron_hammer":2,"minecraft:diamond_helmet":3,"minecraft:diamond_leggings":2,"minecraft:iron_boots":1,"vanillaplustools:diamond_shovel":1,"biomesoplenty:hellbark_planks":64,"minecraft:chest":39,"aether:diamond_gloves":1,"epicsamurai:green_samurai_helmet":1,"minecraft:cooked_porkchop":38,"minecraft:diamond_axe":4,"regions_unexplored:yellow_bioshroom_planks":8,"minecraft:crafting_table":8,"minecraft:spruce_planks":116,"travelersbackpack:standard":2,"minecraft:baked_potato":8,"skilltree:scholar_necklace":1,"minecraft:smithing_table":2,"minecraft:copper_ingot":101,"travelersbackpack:wolf":3,"minecraft:diamond_pickaxe":18,"minecraft:charcoal":15,"minecraft:stick":232,"epicsamurai:blue_samurai_boots":1,"minecraft:iron_ingot":157,"minecraft:iron_pickaxe":21,"minecraft:gold_ingot":15,"wom:iron_staff":3,"minecraft:netherite_ingot":1,"simplyswords:gold_twinblade":1,"vanillaplustools:diamond_hammer":1,"minecraft:shears":2,"epicsamurai:katana":1,"minecraft:raw_iron":72,"vanillaplustools:stone_hammer":4,"wom:stone_staff":2,"vanillaplustools:iron_shovel":2,"epicsamurai:blue_samurai_leggings":1,"minecraft:furnace":13,"simplefarming:fruit_salad":35,"jeg:scrap_workbench":1,"minecraft:iron_axe":3,"minecraft:stone_pickaxe":36,"minecraft:diamond_boots":4,"skilltree:golden_ring":2,"minecraft:wheat":36,"minecraft:red_dye":6,"epicsamurai:katana_handle":1,"hpm:smallhull":1,"minecraft:bowl":84,"minecraft:stone_axe":1,"minecraft:air":0,"minecraft:bread":9,"aether:golden_pendant":1,"minecraft:gold_nugget":63,"minecraft:white_dye":3,"minecraft:iron_shovel":18,"farmersdelight:diamond_knife":1,"epicsamurai:steel_ingot":63,"minecraft:torch":452,"minecraft:diamond_chestplate":5}},"DataVersion":3465}