{"stats":{"minecraft:used":{"minecraft:beetroot":1,"minecraft:chest":24,"minecraft:iron_sword":16,"minecraft:player_head":3,"simplyswords:diamond_rapier":65,"minecraft:carrot":84,"minecraft:tuff":35,"vanillaplustools:iron_shovel":758,"enhancedfarming:cherry":21,"wom:iron_staff":1338,"enhancedfarming:lemon":20,"enhancedfarming:orange":28,"minecraft:furnace":13,"minecraft:potato":23,"epicfight:skillbook":21,"minecraft:diamond_boots":2,"minecraft:oak_planks":40,"minecraft:diamond_axe":249,"minecraft:golden_apple":8,"vanillaplustools:diamond_hammer":2964,"epicsamurai:shuriken":14,"minecraft:melon_slice":4,"minecraft:bread":11,"minecraft:soul_lantern":1,"regions_unexplored:maple_stairs":1031,"minecraft:diamond_sword":9,"minecraft:smithing_table":2,"minecraft:coarse_dirt":168,"minecraft:experience_bottle":21,"vanillaplustools:stone_hammer":453,"minecraft:cooked_salmon":1,"simpletomb:grave_key":66,"minecraft:orange_bed":1,"minecraft:torch":332,"minecraft:dirt":1162,"wom:stone_staff":196,"minecraft:iron_axe":757,"simplefarming:fruit_salad":20,"minecraft:diamond_chestplate":1,"jeg:double_barrel_shotgun":19,"minecraft:golden_carrot":12,"minecraft:cobbled_deepslate":213,"minecraft:golden_axe":17,"minecraft:amethyst_block":5,"minecraft:baked_potato":8,"minecraft:mossy_cobblestone":3,"minecraft:crafting_table":8,"simplyswords:gold_twinblade":32,"minecraft:white_bed":1,"minecraft:oak_log":2,"minecraft:dark_prismarine":6,"minecraft:apple":173,"minecraft:iron_pickaxe":597,"wom:diamond_greataxe":177,"jeg:scrap_workbench":1,"minecraft:stone_axe":41,"epicsamurai:katana":30,"minecraft:cobblestone":543,"vanillaplustools:iron_hammer":500,"enhancedfarming:mango":32,"minecraft:pumpkin_pie":9,"minecraft:diamond_leggings":1},"minecraft:broken":{"vanillaplustools:iron_hammer":2,"minecraft:iron_boots":1,"minecraft:iron_chestplate":2,"simplyswords:gold_twinblade":1,"vanillaplustools:iron_shovel":2,"minecraft:iron_sword":1,"wom:iron_staff":1,"minecraft:golden_axe":1,"vanillaplustools:stone_hammer":3,"vanillaplustools:diamond_hammer":1,"minecraft:iron_axe":1,"minecraft:iron_pickaxe":1},"minecraft:crafted":{"minecraft:smooth_stone":11,"minecraft:oak_planks":980,"epicsamurai:silver_ingot":9,"epicsamurai:shuriken":56,"wom:diamond_greataxe":2,"epicsamurai:green_samurai_chestplate":1,"regions_unexplored:maple_planks":1868,"aether:golden_ring":2,"minecraft:stone":30,"regions_unexplored:maple_stairs":1252,"vanillaplustools:iron_hammer":2,"minecraft:diamond_helmet":2,"minecraft:diamond_leggings":2,"minecraft:iron_boots":1,"minecraft:chest":31,"aether:diamond_gloves":1,"epicsamurai:green_samurai_helmet":1,"minecraft:cooked_porkchop":38,"minecraft:diamond_axe":2,"minecraft:crafting_table":8,"minecraft:spruce_planks":108,"minecraft:baked_potato":8,"minecraft:smithing_table":2,"minecraft:copper_ingot":101,"minecraft:diamond_pickaxe":18,"minecraft:charcoal":15,"minecraft:stick":216,"minecraft:iron_ingot":100,"minecraft:iron_pickaxe":21,"epicsamurai:blue_samurai_boots":1,"minecraft:gold_ingot":15,"wom:iron_staff":3,"simplyswords:gold_twinblade":1,"vanillaplustools:diamond_hammer":1,"minecraft:shears":1,"epicsamurai:katana":1,"minecraft:raw_iron":72,"vanillaplustools:stone_hammer":4,"wom:stone_staff":2,"vanillaplustools:iron_shovel":2,"epicsamurai:blue_samurai_leggings":1,"minecraft:furnace":13,"simplefarming:fruit_salad":35,"jeg:scrap_workbench":1,"minecraft:iron_axe":3,"minecraft:stone_pickaxe":36,"minecraft:diamond_boots":2,"skilltree:golden_ring":2,"minecraft:wheat":9,"epicsamurai:katana_handle":1,"hpm:smallhull":1,"minecraft:bowl":84,"minecraft:stone_axe":1,"minecraft:air":0,"aether:golden_pendant":1,"minecraft:gold_nugget":63,"minecraft:iron_shovel":18,"epicsamurai:steel_ingot":40,"minecraft:torch":380,"minecraft:diamond_chestplate":3},"minecraft:picked_up":{"enhancedfarming:orange_sapling":17,"minecraft:iron_chestplate":3,"minecraft:wheat":40,"minecraft:lead":1,"regions_unexplored:silt_dirt":5,"enhancedfarming:orange":80,"minecraft:amethyst_block":61,"minecraft:string":4,"simplefarming:zucchini_seeds":2,"minecraft:raw_copper":146,"minecraft:cooked_salmon":1,"minecraft:netherite_ingot":4,"minecraft:beetroot":4,"minecraft:cobbled_deepslate":6668,"minecraft:diamond_leggings":2,"minecraft:gold_nugget":2,"minecraft:bucket":1,"minecraft:spruce_planks":7,"regions_unexplored:maple_shrub":4,"minecraft:azalea":6,"minecraft:melon_slice":4,"enhancedfarming:lemon_sapling":12,"minecraft:iron_boots":3,"minecraft:stick":426,"minecraft:torch":86,"enhancedfarming:cherry":66,"minecraft:porkchop":52,"epicfight:skillbook":4,"minecraft:golden_axe":1,"enhancedfarming:cherry_leaves":2,"hpm:smallhull":4,"epicsamurai:shuriken":35,"enhancedfarming:pear_sapling":4,"enhancedfarming:pear":21,"minecraft:orange_bed":1,"minecraft:rotten_flesh":10,"simplefarming:pepper_seeds":2,"minecraft:cobblestone":5262,"minecraft:feather":50,"minecraft:lilac":7,"vanillaplustools:diamond_hammer":3,"minecraft:potato":25,"paraglider:spirit_orb":2,"minecraft:flint":1,"minecraft:tuff":977,"jeg:scrap":161,"skilltree:gem":47,"minecraft:lapis_lazuli":67,"minecraft:dirt":2385,"minecraft:bone":101,"simplefarming:cucumber_seeds":1,"regions_unexplored:red_maple_shrub":15,"minecraft:wheat_seeds":223,"minecraft:raw_gold":52,"regions_unexplored:maple_stairs":16,"minecraft:moss_block":14,"wom:diamond_legbottomseal":1,"epicsamurai:raw_silver":18,"minecraft:oak_planks":91,"biomesoplenty:toadstool":1,"minecraft:mossy_cobblestone":199,"minecraft:dark_prismarine":6,"jeg:scrap_block":1,"enhancedfarming:avocado_sapling":3,"minecraft:diamond":100,"minecraft:soul_lantern":1,"enhancedfarming:avocado":8,"minecraft:golden_apple":4,"minecraft:bread":9,"epicsamurai:ruby":23,"minecraft:oak_sapling":61,"regions_unexplored:apple_oak_sapling":3,"minecraft:diamond_pickaxe":2,"minecraft:coarse_dirt":117,"minecraft:chicken":1,"minecraft:clay_ball":20,"minecraft:leather_leggings":1,"regions_unexplored:white_trillium":7,"regions_unexplored:spruce_shrub":2,"epicsamurai:jade":10,"minecraft:white_carpet":3,"minecraft:cyan_carpet":1,"minecraft:cracked_stone_bricks":1,"minecraft:beef":2,"minecraft:player_head":6,"minecraft:cyan_wool":1,"minecraft:raw_iron":363,"simplefarming:cantaloupe_seeds":1,"herbology:salt":128,"minecraft:bowl":2,"minecraft:redstone":496,"minecraft:carrot":128,"minecraft:dark_oak_planks":2,"minecraft:arrow":38,"regions_unexplored:maple_sapling":185,"minecraft:beetroot_seeds":10,"simplefarming:strawberries":1,"epicsamurai:quartz_ingot":1,"minecraft:diamond_boots":1,"minecraft:hay_block":1,"enhancedfarming:cherry_sapling":8,"enhancedfarming:mango":221,"minecraft:glow_berries":2,"minecraft:mutton":1,"minecraft:white_wool":5,"minecraft:stripped_oak_log":1,"minecraft:tripwire_hook":1,"minecraft:leather":11,"enhancedfarming:apple_sapling":9,"minecraft:acacia_wood":2,"minecraft:oak_log":484,"regions_unexplored:tassel":1,"minecraft:white_banner":5,"minecraft:apple":190,"minecraft:iron_ingot":1,"minecraft:stone_pickaxe":6,"jeg:double_barrel_shotgun":1,"epicsamurai:aquamarine":6,"minecraft:iron_sword":3,"minecraft:flowering_azalea":4,"jeg:tech_trash":8,"minecraft:book":60,"wom:agony":1,"epicsamurai:onyx":13,"enhancedfarming:mango_sapling":6,"wom:iron_staff":1,"minecraft:quartz":55,"minecraft:raw_iron_block":16,"minecraft:gravel":7,"minecraft:amethyst_shard":4,"minecraft:spruce_sapling":53,"minecraft:white_bed":1,"minecraft:spruce_log":117,"minecraft:spider_eye":5,"jeg:handmade_shell":34,"enhancedfarming:lemon":38,"minecraft:diamond_shovel":1,"minecraft:chainmail_leggings":2,"regions_unexplored:maple_log":547,"regions_unexplored:stripped_maple_log":1,"simplefarming:cotton_seeds":1,"minecraft:coal":150},"minecraft:killed":{"mythicmounts:dragon":1,"minecraft:spider":2,"minecraft:skeleton":46,"minecraft:chicken":1,"minecraft:silverfish":2,"minecraft:turtle":1,"mokels_adventure:mana_curator":2,"minecraft:parrot":1,"minecraft:zombie_villager":2,"minecraft:creeper":1,"minecraft:sheep":1,"minecraft:pillager":10,"alexsmobs:flutter":1,"minecraft:zombie":23,"minecraft:cow":1,"mokels_adventure:mana_sentinel":2,"mokels_adventure:vyde":1,"alexsmobs:raccoon":1,"minecraft:phantom":2,"mokels_adventure:knight":4,"alexsmobs:bison":1,"mythicmounts:geckotoalizard":2,"naturalist:butterfly":1,"minecraft:bat":1,"minecraft:wandering_trader":1,"minecraft:hoglin":14,"minecraft:wither_skeleton":16,"minecraft:enderman":1},"minecraft:mined":{"minecraft:spruce_planks":1,"enhancedfarming:orange_leaves":1,"minecraft:carved_pumpkin":4,"regions_unexplored:red_maple_shrub":1,"minecraft:cave_vines_plant":2,"minecraft:budding_amethyst":7,"minecraft:grass_block":1379,"regions_unexplored:white_trillium":1,"epicsamurai:deepslate_jade_ore":6,"minecraft:raw_iron_block":10,"regions_unexplored:stone_bud":14,"minecraft:iron_ore":105,"minecraft:cobbled_deepslate":70,"minecraft:fire":12,"regions_unexplored:mossy_stone":376,"regions_unexplored:maple_stairs":17,"minecraft:deepslate_lapis_ore":25,"minecraft:cave_vines":3,"minecraft:oak_stairs":1,"minecraft:small_amethyst_bud":2,"epicsamurai:deepslate_silver_ore":22,"minecraft:azalea":4,"regions_unexplored:silt_grass_block":31,"minecraft:player_head":8,"minecraft:orange_bed":1,"minecraft:deepslate_redstone_ore":173,"minecraft:brown_mushroom":1,"minecraft:red_bed":1,"minecraft:medium_amethyst_bud":1,"minecraft:amethyst_cluster":1,"minecraft:clay":11,"minecraft:torch":13,"minecraft:calcite":53,"minecraft:melon":10,"enhancedfarming:avocado_leaves":1,"minecraft:cobblestone":261,"minecraft:wall_torch":8,"minecraft:amethyst_block":69,"minecraft:deepslate_copper_ore":4,"minecraft:seagrass":1,"minecraft:cyan_wool":1,"realmrpg_skeletons:bow_skeleton":1,"minecraft:wheat":63,"minecraft:lilac":2,"realmrpg_skeletons:acrobat_skeleton":1,"minecraft:grass":59,"minecraft:oak_log":2,"minecraft:beetroots":5,"minecraft:dirt":2268,"minecraft:smooth_basalt":18,"minecraft:tripwire_hook":1,"minecraft:oak_leaves":4,"minecraft:deepslate":15712,"regions_unexplored:spruce_shrub":1,"minecraft:tuff":2235,"epicsamurai:deepslate_onyx_ore":2,"minecraft:deepslate_diamond_ore":90,"minecraft:glow_lichen":1,"epicsamurai:deepslate_ruby_ore":23,"regions_unexplored:maple_leaves":5,"minecraft:spruce_leaves":5,"minecraft:moss_block":21,"minecraft:hay_block":1,"epicsamurai:onyx_ore":11,"minecraft:redstone_ore":4,"minecraft:furnace":2,"minecraft:carrots":52,"biomesoplenty:toadstool":1,"treechop:chopped_log":113,"minecraft:bookshelf":24,"minecraft:potatoes":10,"minecraft:deepslate_iron_ore":315,"regions_unexplored:medium_grass":38,"minecraft:stone":7740,"herbology:salt_block":50,"epicsamurai:jade_ore":6,"minecraft:flowering_azalea":3,"jeg:scrap_ore":30,"epicsamurai:deepslate_aquamarine_ore":8,"regions_unexplored:silt_dirt":38,"enhancedfarming:mango_leaves":2,"minecraft:copper_ore":44,"minecraft:tall_grass":13,"minecraft:deepslate_coal_ore":2,"minecraft:lapis_ore":1,"minecraft:deepslate_gold_ore":50,"minecraft:spruce_stairs":1,"jeg:deepslate_scrap_ore":64,"minecraft:coarse_dirt":187,"minecraft:spruce_log":1,"minecraft:bee_nest":1,"minecraft:coal_ore":87,"minecraft:cyan_carpet":5,"minecraft:gravel":42,"minecraft:cracked_stone_bricks":9,"minecraft:stone_bricks":142,"regions_unexplored:maple_shrub":3,"minecraft:mossy_stone_bricks":10,"minecraft:gold_ore":11,"minecraft:fern":4,"regions_unexplored:tassel":2},"minecraft:dropped":{"minecraft:diamond_axe":1,"minecraft:oak_log":138,"wom:diamond_legbottomseal":1,"minecraft:diamond":5,"enhancedfarming:mango":64,"minecraft:cracked_stone_bricks":1,"jeg:scrap":2,"minecraft:dirt":842,"simplefarming:fruit_salad":14,"minecraft:mutton":1,"epicsamurai:shuriken":48,"minecraft:white_wool":2,"minecraft:cyan_carpet":1,"minecraft:bone":2,"minecraft:gravel":1,"wom:agony":2,"minecraft:golden_chestplate":1,"minecraft:cobbled_deepslate":3976,"enhancedfarming:cherry_sapling":4,"minecraft:beetroot":2,"minecraft:rotten_flesh":5,"minecraft:oak_planks":2,"simplefarming:pepper_seeds":1,"minecraft:carrot":64,"wom:iron_staff":1,"enhancedfarming:apple_sapling":5,"enhancedfarming:cherry":19,"minecraft:beetroot_seeds":4,"minecraft:azalea":6,"vanillaplustools:stone_hammer":1,"minecraft:quartz":33,"minecraft:iron_ingot":1,"minecraft:wheat_seeds":60,"minecraft:lilac":7,"regions_unexplored:red_maple_shrub":6,"minecraft:golden_axe":1,"minecraft:feather":1,"minecraft:cobblestone":1917,"minecraft:book":45,"minecraft:apple":1,"enhancedfarming:lemon":1,"minecraft:stick":8,"epicsamurai:steel_ingot":7,"minecraft:torch":6,"skilltree:gem":7,"minecraft:flowering_azalea":4,"minecraft:white_banner":5,"minecraft:raw_iron_block":2,"minecraft:string":6,"minecraft:spruce_sapling":4,"simplefarming:cotton_seeds":1,"vanillaplustools:diamond_hammer":2,"minecraft:player_head":1,"minecraft:netherite_ingot":6,"minecraft:coarse_dirt":4,"minecraft:tuff":929,"minecraft:raw_iron":1,"minecraft:chicken":1,"wom:stone_staff":1,"regions_unexplored:maple_stairs":192,"epicsamurai:quartz_ingot":16,"hpm:smallhull":5,"simplefarming:cucumber_seeds":1,"minecraft:golden_leggings":1,"minecraft:oak_sapling":12,"minecraft:spider_eye":3,"enhancedfarming:orange":34,"minecraft:stone_pickaxe":2,"regions_unexplored:silt_dirt":4,"epicfight:skillbook":1},"minecraft:custom":{"minecraft:interact_with_crafting_table":136,"minecraft:open_barrel":6,"minecraft:leave_game":11,"minecraft:time_since_death":76736,"minecraft:sprint_one_cm":4574849,"minecraft:drop":310,"minecraft:talked_to_villager":2,"minecraft:play_time":766137,"minecraft:deaths":22,"minecraft:jump":6076,"minecraft:walk_on_water_one_cm":32776,"minecraft:enchant_item":1,"minecraft:interact_with_furnace":128,"minecraft:sleep_in_bed":22,"minecraft:damage_dealt":54746,"minecraft:crouch_one_cm":10407,"minecraft:interact_with_smoker":4,"minecraft:interact_with_smithing_table":13,"minecraft:interact_with_anvil":9,"minecraft:mob_kills":154,"minecraft:climb_one_cm":2962,"minecraft:walk_one_cm":4774710,"minecraft:damage_dealt_absorbed":10811,"minecraft:sneak_time":4077,"minecraft:walk_under_water_one_cm":6269,"minecraft:interact_with_blast_furnace":29,"minecraft:total_world_time":766137,"minecraft:tune_noteblock":1,"minecraft:raid_trigger":1,"minecraft:time_since_rest":18752,"minecraft:damage_taken":15851,"minecraft:damage_absorbed":223,"minecraft:swim_one_cm":41706,"minecraft:fly_one_cm":1243849,"minecraft:open_chest":351,"minecraft:fall_one_cm":127340}},"DataVersion":3465}